<?xml version="1.0" encoding="utf-8"?>
<com.android.systemui.statusbar.phone.PhoneStatusBarView android:orientation="vertical" android:id="@id/msim_status_bar" android:background="@drawable/system_bar_background"
  xmlns:android="http://schemas.android.com/apk/res/android"
  xmlns:systemui="http://schemas.android.com/apk/res/com.android.systemui">
    <FrameLayout android:id="@id/call_background" android:layout_width="fill_parent" android:layout_height="fill_parent" />
    <ImageView android:id="@id/notification_lights_out" android:paddingBottom="2.0dip" android:visibility="gone" android:layout_width="@dimen/status_bar_icon_size" android:layout_height="fill_parent" android:src="@drawable/ic_sysbar_lights_out_dot_small" android:scaleType="center" android:paddingStart="6.0dip" />
    <FrameLayout android:paddingLeft="4.0dip" android:paddingRight="4.0dip" android:layout_width="fill_parent" android:layout_height="wrap_content">
        <LinearLayout android:orientation="horizontal" android:id="@id/status_bar_contents" android:layout_width="fill_parent" android:layout_height="fill_parent" android:layout_marginTop="0.0dip" android:layout_weight="0.0">
            <LinearLayout android:layout_gravity="center" android:orientation="horizontal" android:layout_width="fill_parent" android:layout_height="49.0dip" android:layout_marginLeft="4.0dip" android:layout_marginRight="4.0dip" android:layout_weight="1.0">
                <ImageView android:background="#ffffffff" android:layout_width="1.0dip" android:layout_height="47.0dip" android:layout_marginTop="1.0dip" android:layout_marginBottom="1.0dip" android:layout_alignParentLeft="true" />
                <LinearLayout android:gravity="center" android:orientation="horizontal" android:layout_width="fill_parent" android:layout_height="fill_parent" android:layout_weight="1.0">
                    <RelativeLayout android:layout_width="fill_parent" android:layout_height="fill_parent">
                        <ImageView android:background="#ffffff" android:layout_width="45.5dip" android:layout_height="1.0dip" android:layout_marginTop="1.0dip" android:layout_alignParentTop="true" android:layout_alignParentRight="true" />
                        <ImageView android:background="#ffffff" android:layout_width="45.5dip" android:layout_height="1.0dip" android:layout_marginBottom="1.0dip" android:layout_alignParentRight="true" android:layout_alignParentBottom="true" />
                        <ImageView android:background="#ffffff" android:layout_width="1.0dip" android:layout_height="4.0dip" android:layout_marginTop="1.0dip" android:layout_marginRight="46.0dip" android:layout_alignParentTop="true" android:layout_alignParentRight="true" android:rotation="40.0" />
                        <ImageView android:background="#ffffffff" android:layout_width="1.0dip" android:layout_height="4.0dip" android:layout_marginRight="46.0dip" android:layout_marginBottom="1.0dip" android:layout_alignParentRight="true" android:layout_alignParentBottom="true" android:rotation="-40.0" />
                        <FrameLayout android:gravity="center_vertical" android:layout_gravity="left" android:orientation="vertical" android:background="@drawable/bg_shape" android:layout_width="fill_parent" android:layout_height="40.0dip" android:layout_marginLeft="2.0dip" android:layout_marginTop="0.0dip" android:layout_marginRight="2.0dip" android:layout_marginBottom="5.0dip" android:layout_centerVertical="true">
                            <LinearLayout android:gravity="center" android:layout_gravity="center" android:orientation="horizontal" android:layout_width="fill_parent" android:layout_height="fill_parent" android:layout_marginLeft="3.0dip" android:layout_marginRight="3.0dip">
                                <LinearLayout android:gravity="center" android:layout_gravity="center" android:orientation="vertical" android:layout_width="fill_parent" android:layout_height="fill_parent">
                                    <ImageView android:layout_gravity="center" android:background="#ffffffff" android:paddingRight="0.0dip" android:layout_width="fill_parent" android:layout_height="1.0dip" />
                                </LinearLayout>
                            </LinearLayout>
                            <LinearLayout android:layout_gravity="top" android:orientation="horizontal" android:layout_width="fill_parent" android:layout_height="17.0dip" android:layout_marginLeft="3.0dip" android:layout_marginTop="1.0dip" android:layout_marginRight="3.0dip" android:layout_weight="1.0">
                                <LinearLayout android:gravity="center|left" android:layout_gravity="center" android:orientation="horizontal" android:layout_width="wrap_content" android:layout_height="fill_parent" android:layout_marginLeft="0.0dip" android:layout_weight="0.0">
                                    <com.android.systemui.statusbar.AlphaOptimizedFrameLayout android:orientation="horizontal" android:id="@id/notification_icon_area" android:layout_width="0.0dip" android:layout_height="fill_parent" android:layout_weight="1.0" android:alpha="@dimen/status_bar_icon_alpha">
                                        <com.android.keyguard.AlphaOptimizedLinearLayout android:id="@id/notification_icon_area_inner" android:layout_width="fill_parent" android:layout_height="fill_parent">
                                            <TextView android:textSize="15.0dip" android:textColor="#ffffffff" android:gravity="center_vertical" android:id="@id/carrierLabel" android:visibility="gone" android:layout_width="wrap_content" android:layout_height="fill_parent" android:singleLine="true" />
                                            <com.android.systemui.statusbar.StatusBarIconView android:id="@id/moreIcon" android:visibility="gone" android:layout_width="@dimen/status_bar_icon_size" android:layout_height="fill_parent" android:src="@drawable/stat_notify_more" />
                                            <com.android.systemui.statusbar.phone.IconMerger android:gravity="center_vertical" android:orientation="horizontal" android:id="@id/notificationIcons" android:layout_width="fill_parent" android:layout_height="fill_parent" android:layout_alignParentStart="true" />
                                        </com.android.keyguard.AlphaOptimizedLinearLayout>
                                    </com.android.systemui.statusbar.AlphaOptimizedFrameLayout>
                                </LinearLayout>
                            </LinearLayout>
                            <LinearLayout android:gravity="left" android:layout_gravity="bottom" android:orientation="horizontal" android:paddingLeft="0.0dip" android:paddingRight="0.0dip" android:layout_width="fill_parent" android:layout_height="17.0dip" android:layout_marginLeft="3.0dip" android:layout_marginRight="3.0dip" android:layout_marginBottom="1.0dip">
                                <LinearLayout android:gravity="center|left" android:layout_gravity="center" android:orientation="horizontal" android:layout_width="wrap_content" android:layout_height="fill_parent" android:layout_marginLeft="0.0dip" android:layout_weight="0.0">
                                    <RelativeLayout android:orientation="horizontal" android:paddingTop="0.0px" android:layout_width="wrap_content" android:layout_height="wrap_content" android:layout_marginLeft="0.0px" android:layout_marginRight="0.0px" android:layout_marginBottom="0.0px">
                                        <com.petrux.ui.PetrUXGreetingText android:textSize="@dimen/battery_text_size" android:textColor="@color/battery_text_color" android:gravity="center_vertical" android:paddingLeft="29.5dip" android:paddingBottom="0.0dip" android:layout_width="wrap_content" android:layout_height="25.0dip" android:layout_marginTop="0.0dip" android:singleLine="true" />
                                        <com.petrux.ui.PetrUXGreetingImage android:gravity="center_vertical" android:paddingTop="0.0dip" android:layout_width="25.0dip" android:layout_height="22.0dip" />
                                    </RelativeLayout>
                                </LinearLayout>
                            </LinearLayout>
                        </FrameLayout>
                        <ImageView android:background="#ffffffff" android:layout_width="45.5dip" android:layout_height="1.0dip" android:layout_marginBottom="1.0dip" android:layout_alignParentLeft="true" android:layout_alignParentBottom="true" />
                        <ImageView android:background="#ffffffff" android:layout_width="45.5dip" android:layout_height="1.0dip" android:layout_marginTop="1.0dip" android:layout_alignParentLeft="true" android:layout_alignParentTop="true" />
                        <ImageView android:background="#ffffffff" android:layout_width="1.0dip" android:layout_height="4.0dip" android:layout_marginLeft="46.0dip" android:layout_marginTop="1.0dip" android:layout_alignParentLeft="true" android:layout_alignParentTop="true" android:rotation="-40.0" />
                        <ImageView android:background="#ffffffff" android:layout_width="1.0dip" android:layout_height="4.0dip" android:layout_marginLeft="46.0dip" android:layout_marginBottom="1.0dip" android:layout_alignParentLeft="true" android:layout_alignParentBottom="true" android:rotation="40.0" />
                    </RelativeLayout>
                </LinearLayout>
                <RelativeLayout android:layout_width="75.0dip" android:layout_height="fill_parent">
                    <ImageView android:background="#ffffffff" android:layout_width="26.0dip" android:layout_height="1.0dip" android:layout_marginLeft="0.0dip" android:layout_marginTop="1.0dip" android:layout_alignParentLeft="true" android:layout_alignParentTop="true" />
                    <ImageView android:background="#ffffffff" android:layout_width="26.0dip" android:layout_height="1.0dip" android:layout_marginLeft="14.0dip" android:layout_marginTop="7.0dip" android:layout_alignParentLeft="true" android:layout_alignParentTop="true" android:rotation="-34.0" />
                    <ImageView android:background="#ffffffff" android:layout_width="14.0dip" android:layout_height="1.0dip" android:layout_marginTop="10.0dip" android:layout_alignParentLeft="true" android:layout_alignParentTop="true" />
                    <ImageView android:background="#ffffffff" android:layout_width="1.0dip" android:layout_height="29.0dip" android:layout_alignParentLeft="true" android:layout_centerVertical="true" />
                    <ImageView android:background="#ffffffff" android:layout_width="14.0dip" android:layout_height="1.0dip" android:layout_marginTop="10.0dip" android:layout_alignParentTop="true" android:layout_alignParentRight="true" />
                    <ImageView android:background="#ffffffff" android:layout_width="25.0dip" android:layout_height="1.0dip" android:layout_marginTop="7.0dip" android:layout_marginRight="15.0dip" android:layout_alignParentTop="true" android:layout_alignParentRight="true" android:rotation="34.0" />
                    <LinearLayout android:gravity="center" android:orientation="horizontal" android:background="@drawable/bg_shape" android:layout_width="70.0dip" android:layout_height="21.0dip" android:layout_centerHorizontal="true" android:layout_centerVertical="true">
                        <TextClock android:textSize="12.0dip" android:textStyle="normal" android:textColor="#ffffffff" android:gravity="center" android:id="@id/clock" android:background="@null" android:paddingTop="0.0dip" android:paddingBottom="0.0dip" android:layout_width="fill_parent" android:layout_height="fill_parent" android:layout_marginLeft="1.0dip" android:layout_marginRight="1.0dip" android:singleLine="true" android:includeFontPadding="false" android:shadowColor="#ff000000" android:shadowDx="2.0" android:shadowDy="2.0" android:shadowRadius="2.0" android:fontFamily="Anu" android:format12Hour="kk:mm:ss" android:format24Hour="kk:mm:ss" />
                    </LinearLayout>
                    <ImageView android:background="#ffffffff" android:layout_width="26.0dip" android:layout_height="1.0dip" android:layout_marginLeft="14.0dip" android:layout_marginBottom="7.0dip" android:layout_alignParentLeft="true" android:layout_alignParentBottom="true" android:rotation="34.0" />
                    <ImageView android:background="#ffffffff" android:layout_width="14.0dip" android:layout_height="1.0dip" android:layout_marginBottom="10.0dip" android:layout_alignParentBottom="true" />
                    <ImageView android:background="#ffffffff" android:layout_width="1.0dip" android:layout_height="29.0dip" android:layout_alignParentRight="true" android:layout_centerVertical="true" />
                    <ImageView android:background="#ffffffff" android:layout_width="14.0dip" android:layout_height="1.0dip" android:layout_marginBottom="10.0dip" android:layout_alignParentRight="true" android:layout_alignParentBottom="true" />
                    <ImageView android:background="#ffffffff" android:layout_width="25.0dip" android:layout_height="1.0dip" android:layout_marginRight="15.0dip" android:layout_marginBottom="7.0dip" android:layout_alignParentRight="true" android:layout_alignParentBottom="true" android:rotation="-34.0" />
                    <ImageView android:background="#ffffffff" android:layout_width="26.0dip" android:layout_height="1.0dip" android:layout_marginLeft="0.0dip" android:layout_marginBottom="1.0dip" android:layout_alignParentLeft="true" android:layout_alignParentBottom="true" />
                    <ImageView android:background="#ffffffff" android:layout_width="26.0dip" android:layout_height="1.0dip" android:layout_marginBottom="1.0dip" android:layout_alignParentRight="true" android:layout_alignParentBottom="true" />
                    <ImageView android:background="#ffffffff" android:layout_width="26.0dip" android:layout_height="1.0dip" android:layout_marginTop="1.0dip" android:layout_alignParentTop="true" android:layout_alignParentRight="true" />
                </RelativeLayout>
                <LinearLayout android:gravity="center" android:orientation="horizontal" android:layout_width="fill_parent" android:layout_height="fill_parent" android:layout_weight="1.0">
                    <RelativeLayout android:layout_width="fill_parent" android:layout_height="fill_parent">
                        <ImageView android:background="#ffffffff" android:layout_width="45.5dip" android:layout_height="1.0dip" android:layout_marginTop="1.0dip" android:layout_alignParentTop="true" android:layout_alignParentRight="true" />
                        <ImageView android:background="#ffffffff" android:layout_width="45.5dip" android:layout_height="1.0dip" android:layout_marginBottom="1.0dip" android:layout_alignParentRight="true" android:layout_alignParentBottom="true" />
                        <ImageView android:background="#ffffffff" android:layout_width="1.0dip" android:layout_height="4.0dip" android:layout_marginTop="1.0dip" android:layout_marginRight="46.0dip" android:layout_alignParentTop="true" android:layout_alignParentRight="true" android:rotation="40.0" />
                        <ImageView android:background="#ffffffff" android:layout_width="1.0dip" android:layout_height="4.0dip" android:layout_marginRight="46.0dip" android:layout_marginBottom="1.0dip" android:layout_alignParentRight="true" android:layout_alignParentBottom="true" android:rotation="-40.0" />
                        <FrameLayout android:gravity="center_vertical" android:layout_gravity="center" android:orientation="vertical" android:background="@drawable/bg_shape" android:layout_width="fill_parent" android:layout_height="40.0dip" android:layout_marginLeft="2.0dip" android:layout_marginTop="0.0dip" android:layout_marginRight="2.0dip" android:layout_marginBottom="5.0dip" android:layout_centerVertical="true">
                            <LinearLayout android:gravity="center" android:layout_gravity="center" android:orientation="horizontal" android:layout_width="fill_parent" android:layout_height="fill_parent" android:layout_marginLeft="3.0dip" android:layout_marginRight="3.0dip">
                                <LinearLayout android:gravity="center" android:layout_gravity="center" android:orientation="vertical" android:layout_width="fill_parent" android:layout_height="fill_parent">
                                    <ImageView android:layout_gravity="center" android:background="#ffffffff" android:paddingRight="0.0dip" android:layout_width="fill_parent" android:layout_height="1.0dip" />
                                </LinearLayout>
                            </LinearLayout>
                            <LinearLayout android:layout_gravity="top" android:orientation="horizontal" android:layout_width="fill_parent" android:layout_height="17.0dip" android:layout_marginLeft="3.0dip" android:layout_marginTop="1.0dip" android:layout_marginRight="3.0dip" android:layout_weight="1.0">
                                <LinearLayout android:gravity="center|right" android:layout_gravity="center" android:orientation="horizontal" android:layout_width="fill_parent" android:layout_height="fill_parent" android:layout_marginRight="0.0dip" android:layout_weight="1.0" android:layout_alignParentRight="true">
                                    <com.android.keyguard.AlphaOptimizedLinearLayout android:orientation="horizontal" android:id="@id/system_icon_area" android:layout_width="wrap_content" android:layout_height="fill_parent">
                                        <TextView android:textSize="12.0dip" android:textColor="#ffffffff" android:gravity="center_vertical" android:id="@id/knoxCustomStatusBarText" android:visibility="gone" android:layout_width="wrap_content" android:layout_height="fill_parent" android:includeFontPadding="false" />
                                        <include layout="@layout/msim_system_icons" />
                                    </com.android.keyguard.AlphaOptimizedLinearLayout>
                                </LinearLayout>
                            </LinearLayout>
                            <LinearLayout android:gravity="right" android:layout_gravity="bottom" android:orientation="horizontal" android:paddingLeft="0.0dip" android:paddingRight="0.0dip" android:layout_width="fill_parent" android:layout_height="17.0dip" android:layout_marginLeft="3.0dip" android:layout_marginRight="3.0dip" android:layout_marginBottom="1.0dip">
                                <LinearLayout android:gravity="right" android:layout_gravity="center" android:orientation="horizontal" android:paddingRight="0.0dip" android:layout_width="fill_parent" android:layout_height="fill_parent" android:layout_margin="0.0dip" android:layout_weight="1.0">
                                    <com.android.systemui.statusbar.alliv.AllivLabel android:textAppearance="@style/TextAppearance.StatusBar.AllivLabel" android:ellipsize="end" android:layout_gravity="center_vertical" android:id="@id/status_bar_carrier_label" android:layout_width="wrap_content" android:layout_height="wrap_content" android:singleLine="true" android:textAllCaps="false" />
                                </LinearLayout>
                            </LinearLayout>
                        </FrameLayout>
                        <ImageView android:background="#ffffffff" android:layout_width="45.5dip" android:layout_height="1.0dip" android:layout_marginBottom="1.0dip" android:layout_alignParentLeft="true" android:layout_alignParentBottom="true" />
                        <ImageView android:background="#ffffffff" android:layout_width="45.5dip" android:layout_height="1.0dip" android:layout_marginTop="1.0dip" android:layout_alignParentLeft="true" android:layout_alignParentTop="true" />
                        <ImageView android:background="#ffffffff" android:layout_width="1.0dip" android:layout_height="4.0dip" android:layout_marginLeft="46.0dip" android:layout_marginTop="1.0dip" android:layout_alignParentLeft="true" android:layout_alignParentTop="true" android:rotation="-40.0" />
                        <ImageView android:background="#ffffffff" android:layout_width="1.0dip" android:layout_height="4.0dip" android:layout_marginLeft="46.0dip" android:layout_marginBottom="1.0dip" android:layout_alignParentLeft="true" android:layout_alignParentBottom="true" android:rotation="40.0" />
                    </RelativeLayout>
                </LinearLayout>
                <ImageView android:background="#ffffffff" android:layout_width="1.0dip" android:layout_height="47.0dip" android:layout_marginTop="1.0dip" android:layout_marginBottom="1.0dip" android:layout_alignParentRight="true" />
            </LinearLayout>
        </LinearLayout>
    </FrameLayout>
    <ViewStub android:id="@id/ticker_stub" android:layout="@layout/status_bar_ticker" android:inflatedId="@id/ticker" android:layout_width="fill_parent" android:layout_height="fill_parent" />
</com.android.systemui.statusbar.phone.PhoneStatusBarView>