
    <FrameLayout android:paddingLeft="4.0dip" android:paddingRight="4.0dip" android:layout_width="fill_parent" android:layout_height="wrap_content">
        <LinearLayout android:orientation="horizontal" android:id="@id/status_bar_contents" android:layout_width="fill_parent" android:layout_height="fill_parent" android:layout_marginTop="0.0dip" android:layout_weight="0.0">
            <LinearLayout android:layout_gravity="center" android:orientation="horizontal" android:layout_width="fill_parent" android:layout_height="49.0dip" android:layout_marginLeft="4.0dip" android:layout_marginRight="4.0dip" android:layout_weight="1.0">
                <ImageView android:background="#ffffffff" android:layout_width="1.0dip" android:layout_height="47.0dip" android:layout_marginTop="1.0dip" android:layout_marginBottom="1.0dip" android:layout_alignParentLeft="true" />
                <LinearLayout android:gravity="center" android:orientation="horizontal" android:layout_width="fill_parent" android:layout_height="fill_parent" android:layout_weight="1.0">
                    <RelativeLayout android:layout_width="fill_parent" android:layout_height="fill_parent">
                        <ImageView android:background="#ffffff" android:layout_width="45.5dip" android:layout_height="1.0dip" android:layout_marginTop="1.0dip" android:layout_alignParentTop="true" android:layout_alignParentRight="true" />
                        <ImageView android:background="#ffffff" android:layout_width="45.5dip" android:layout_height="1.0dip" android:layout_marginBottom="1.0dip" android:layout_alignParentRight="true" android:layout_alignParentBottom="true" />
                        <ImageView android:background="#ffffff" android:layout_width="1.0dip" android:layout_height="4.0dip" android:layout_marginTop="1.0dip" android:layout_marginRight="46.0dip" android:layout_alignParentTop="true" android:layout_alignParentRight="true" android:rotation="40.0" />
                        <ImageView android:background="#ffffffff" android:layout_width="1.0dip" android:layout_height="4.0dip" android:layout_marginRight="46.0dip" android:layout_marginBottom="1.0dip" android:layout_alignParentRight="true" android:layout_alignParentBottom="true" android:rotation="-40.0" />
                        <FrameLayout android:gravity="center_vertical" android:layout_gravity="left" android:orientation="vertical" android:background="@drawable/bg_shape" android:layout_width="fill_parent" android:layout_height="40.0dip" android:layout_marginLeft="2.0dip" android:layout_marginTop="0.0dip" android:layout_marginRight="2.0dip" android:layout_marginBottom="5.0dip" android:layout_centerVertical="true">
                            <LinearLayout android:gravity="center" android:layout_gravity="center" android:orientation="horizontal" android:layout_width="fill_parent" android:layout_height="fill_parent" android:layout_marginLeft="3.0dip" android:layout_marginRight="3.0dip">
                                <LinearLayout android:gravity="center" android:layout_gravity="center" android:orientation="vertical" android:layout_width="fill_parent" android:layout_height="fill_parent">
                                    <ImageView android:layout_gravity="center" android:background="#ffffffff" android:paddingRight="0.0dip" android:layout_width="fill_parent" android:layout_height="1.0dip" />
                                </LinearLayout>
                            </LinearLayout>
                            <LinearLayout android:layout_gravity="top" android:orientation="horizontal" android:layout_width="fill_parent" android:layout_height="17.0dip" android:layout_marginLeft="3.0dip" android:layout_marginTop="1.0dip" android:layout_marginRight="3.0dip" android:layout_weight="1.0">
                                <LinearLayout android:gravity="center|left" android:layout_gravity="center" android:orientation="horizontal" android:layout_width="wrap_content" android:layout_height="fill_parent" android:layout_marginLeft="0.0dip" android:layout_weight="0.0">
									<TextView android:textSize="15.0dip" android:text="text satu" android:textColor="#ffffffff" android:gravity="center_vertical" android:id="@id/carrierLabel" android:layout_width="wrap_content" android:layout_height="fill_parent" android:singleLine="true" />
                                </LinearLayout>
                            </LinearLayout>
                            <LinearLayout android:gravity="left" android:layout_gravity="bottom" android:orientation="horizontal" android:paddingLeft="0.0dip" android:paddingRight="0.0dip" android:layout_width="fill_parent" android:layout_height="17.0dip" android:layout_marginLeft="3.0dip" android:layout_marginRight="3.0dip" android:layout_marginBottom="1.0dip">
                                <LinearLayout android:gravity="center|left" android:layout_gravity="center" android:orientation="horizontal" android:layout_width="wrap_content" android:layout_height="fill_parent" android:layout_marginLeft="0.0dip" android:layout_weight="0.0">
									<TextView android:textSize="15.0dip" android:text="dua" android:textColor="#ffffffff" android:gravity="center_vertical" android:id="@id/carrierLabel" android:layout_width="wrap_content" android:layout_height="fill_parent" android:singleLine="true" />
                                </LinearLayout>
                            </LinearLayout>
                        </FrameLayout>
                        <ImageView android:background="#ffffffff" android:layout_width="45.5dip" android:layout_height="1.0dip" android:layout_marginBottom="1.0dip" android:layout_alignParentLeft="true" android:layout_alignParentBottom="true" />
                        <ImageView android:background="#ffffffff" android:layout_width="45.5dip" android:layout_height="1.0dip" android:layout_marginTop="1.0dip" android:layout_alignParentLeft="true" android:layout_alignParentTop="true" />
                        <ImageView android:background="#ffffffff" android:layout_width="1.0dip" android:layout_height="4.0dip" android:layout_marginLeft="46.0dip" android:layout_marginTop="1.0dip" android:layout_alignParentLeft="true" android:layout_alignParentTop="true" android:rotation="-40.0" />
                        <ImageView android:background="#ffffffff" android:layout_width="1.0dip" android:layout_height="4.0dip" android:layout_marginLeft="46.0dip" android:layout_marginBottom="1.0dip" android:layout_alignParentLeft="true" android:layout_alignParentBottom="true" android:rotation="40.0" />
                    </RelativeLayout>
                </LinearLayout>
                <RelativeLayout android:layout_width="75.0dip" android:layout_height="fill_parent">
                    <ImageView android:background="#ffffffff" android:layout_width="26.0dip" android:layout_height="1.0dip" android:layout_marginLeft="0.0dip" android:layout_marginTop="1.0dip" android:layout_alignParentLeft="true" android:layout_alignParentTop="true" />
                    <ImageView android:background="#ffffffff" android:layout_width="26.0dip" android:layout_height="1.0dip" android:layout_marginLeft="14.0dip" android:layout_marginTop="7.0dip" android:layout_alignParentLeft="true" android:layout_alignParentTop="true" android:rotation="-34.0" />
                    <ImageView android:background="#ffffffff" android:layout_width="14.0dip" android:layout_height="1.0dip" android:layout_marginTop="10.0dip" android:layout_alignParentLeft="true" android:layout_alignParentTop="true" />
                    <ImageView android:background="#ffffffff" android:layout_width="1.0dip" android:layout_height="29.0dip" android:layout_alignParentLeft="true" android:layout_centerVertical="true" />
                    <ImageView android:background="#ffffffff" android:layout_width="14.0dip" android:layout_height="1.0dip" android:layout_marginTop="10.0dip" android:layout_alignParentTop="true" android:layout_alignParentRight="true" />
                    <ImageView android:background="#ffffffff" android:layout_width="25.0dip" android:layout_height="1.0dip" android:layout_marginTop="7.0dip" android:layout_marginRight="15.0dip" android:layout_alignParentTop="true" android:layout_alignParentRight="true" android:rotation="34.0" />
                    <LinearLayout android:gravity="center" android:orientation="horizontal" android:background="@drawable/bg_shape" android:layout_width="70.0dip" android:layout_height="21.0dip" android:layout_centerHorizontal="true" android:layout_centerVertical="true">
                        <TextClock android:textSize="12.0dip" android:textStyle="normal" android:textColor="#ffffffff" android:gravity="center" android:id="@id/clock" android:background="@null" android:paddingTop="0.0dip" android:paddingBottom="0.0dip" android:layout_width="fill_parent" android:layout_height="fill_parent" android:layout_marginLeft="1.0dip" android:layout_marginRight="1.0dip" android:singleLine="true" android:includeFontPadding="false" android:shadowColor="#ff000000" android:shadowDx="2.0" android:shadowDy="2.0" android:shadowRadius="2.0" android:fontFamily="Anu" android:format12Hour="kk:mm:ss" android:format24Hour="kk:mm:ss" />
                    </LinearLayout>
                    <ImageView android:background="#ffffffff" android:layout_width="26.0dip" android:layout_height="1.0dip" android:layout_marginLeft="14.0dip" android:layout_marginBottom="7.0dip" android:layout_alignParentLeft="true" android:layout_alignParentBottom="true" android:rotation="34.0" />
                    <ImageView android:background="#ffffffff" android:layout_width="14.0dip" android:layout_height="1.0dip" android:layout_marginBottom="10.0dip" android:layout_alignParentBottom="true" />
                    <ImageView android:background="#ffffffff" android:layout_width="1.0dip" android:layout_height="29.0dip" android:layout_alignParentRight="true" android:layout_centerVertical="true" />
                    <ImageView android:background="#ffffffff" android:layout_width="14.0dip" android:layout_height="1.0dip" android:layout_marginBottom="10.0dip" android:layout_alignParentRight="true" android:layout_alignParentBottom="true" />
                    <ImageView android:background="#ffffffff" android:layout_width="25.0dip" android:layout_height="1.0dip" android:layout_marginRight="15.0dip" android:layout_marginBottom="7.0dip" android:layout_alignParentRight="true" android:layout_alignParentBottom="true" android:rotation="-34.0" />
                    <ImageView android:background="#ffffffff" android:layout_width="26.0dip" android:layout_height="1.0dip" android:layout_marginLeft="0.0dip" android:layout_marginBottom="1.0dip" android:layout_alignParentLeft="true" android:layout_alignParentBottom="true" />
                    <ImageView android:background="#ffffffff" android:layout_width="26.0dip" android:layout_height="1.0dip" android:layout_marginBottom="1.0dip" android:layout_alignParentRight="true" android:layout_alignParentBottom="true" />
                    <ImageView android:background="#ffffffff" android:layout_width="26.0dip" android:layout_height="1.0dip" android:layout_marginTop="1.0dip" android:layout_alignParentTop="true" android:layout_alignParentRight="true" />
                </RelativeLayout>
                <LinearLayout android:gravity="center" android:orientation="horizontal" android:layout_width="fill_parent" android:layout_height="fill_parent" android:layout_weight="1.0">
                    <RelativeLayout android:layout_width="fill_parent" android:layout_height="fill_parent">
                        <ImageView android:background="#ffffffff" android:layout_width="45.5dip" android:layout_height="1.0dip" android:layout_marginTop="1.0dip" android:layout_alignParentTop="true" android:layout_alignParentRight="true" />
                        <ImageView android:background="#ffffffff" android:layout_width="45.5dip" android:layout_height="1.0dip" android:layout_marginBottom="1.0dip" android:layout_alignParentRight="true" android:layout_alignParentBottom="true" />
                        <ImageView android:background="#ffffffff" android:layout_width="1.0dip" android:layout_height="4.0dip" android:layout_marginTop="1.0dip" android:layout_marginRight="46.0dip" android:layout_alignParentTop="true" android:layout_alignParentRight="true" android:rotation="40.0" />
                        <ImageView android:background="#ffffffff" android:layout_width="1.0dip" android:layout_height="4.0dip" android:layout_marginRight="46.0dip" android:layout_marginBottom="1.0dip" android:layout_alignParentRight="true" android:layout_alignParentBottom="true" android:rotation="-40.0" />
                        <FrameLayout android:gravity="center_vertical" android:layout_gravity="center" android:orientation="vertical" android:background="@drawable/bg_shape" android:layout_width="fill_parent" android:layout_height="40.0dip" android:layout_marginLeft="2.0dip" android:layout_marginTop="0.0dip" android:layout_marginRight="2.0dip" android:layout_marginBottom="5.0dip" android:layout_centerVertical="true">
                            <LinearLayout android:gravity="center" android:layout_gravity="center" android:orientation="horizontal" android:layout_width="fill_parent" android:layout_height="fill_parent" android:layout_marginLeft="3.0dip" android:layout_marginRight="3.0dip">
                                <LinearLayout android:gravity="center" android:layout_gravity="center" android:orientation="vertical" android:layout_width="fill_parent" android:layout_height="fill_parent">
                                    <ImageView android:layout_gravity="center" android:background="#ffffffff" android:paddingRight="0.0dip" android:layout_width="fill_parent" android:layout_height="1.0dip" />
                                </LinearLayout>
                            </LinearLayout>
                            <LinearLayout android:layout_gravity="top" android:orientation="horizontal" android:layout_width="fill_parent" android:layout_height="17.0dip" android:layout_marginLeft="3.0dip" android:layout_marginTop="1.0dip" android:layout_marginRight="3.0dip" android:layout_weight="1.0">
                                <LinearLayout android:gravity="center|right" android:layout_gravity="center" android:orientation="horizontal" android:layout_width="fill_parent" android:layout_height="fill_parent" android:layout_marginRight="0.0dip" android:layout_weight="1.0" android:layout_alignParentRight="true">
									<TextView android:textSize="15.0dip" android:text="enam" android:textColor="#ffffffff" android:gravity="center_vertical" android:id="@id/carrierLabel" android:layout_width="wrap_content" android:layout_height="fill_parent" android:singleLine="true" />
                                </LinearLayout>
                            </LinearLayout>
                            <LinearLayout android:gravity="right" android:layout_gravity="bottom" android:orientation="horizontal" android:paddingLeft="0.0dip" android:paddingRight="0.0dip" android:layout_width="fill_parent" android:layout_height="17.0dip" android:layout_marginLeft="3.0dip" android:layout_marginRight="3.0dip" android:layout_marginBottom="1.0dip">
                                <LinearLayout android:gravity="right" android:layout_gravity="center" android:orientation="horizontal" android:paddingRight="0.0dip" android:layout_width="fill_parent" android:layout_height="fill_parent" android:layout_margin="0.0dip" android:layout_weight="1.0">
									<TextView android:textSize="15.0dip" android:text="delapan" android:textColor="#ffffffff" android:gravity="center_vertical" android:id="@id/carrierLabel" android:layout_width="wrap_content" android:layout_height="fill_parent" android:singleLine="true" />
                                </LinearLayout>
                            </LinearLayout>
                        </FrameLayout>
                        <ImageView android:background="#ffffffff" android:layout_width="45.5dip" android:layout_height="1.0dip" android:layout_marginBottom="1.0dip" android:layout_alignParentLeft="true" android:layout_alignParentBottom="true" />
                        <ImageView android:background="#ffffffff" android:layout_width="45.5dip" android:layout_height="1.0dip" android:layout_marginTop="1.0dip" android:layout_alignParentLeft="true" android:layout_alignParentTop="true" />
                        <ImageView android:background="#ffffffff" android:layout_width="1.0dip" android:layout_height="4.0dip" android:layout_marginLeft="46.0dip" android:layout_marginTop="1.0dip" android:layout_alignParentLeft="true" android:layout_alignParentTop="true" android:rotation="-40.0" />
                        <ImageView android:background="#ffffffff" android:layout_width="1.0dip" android:layout_height="4.0dip" android:layout_marginLeft="46.0dip" android:layout_marginBottom="1.0dip" android:layout_alignParentLeft="true" android:layout_alignParentBottom="true" android:rotation="40.0" />
                    </RelativeLayout>
                </LinearLayout>
                <ImageView android:background="#ffffffff" android:layout_width="1.0dip" android:layout_height="47.0dip" android:layout_marginTop="1.0dip" android:layout_marginBottom="1.0dip" android:layout_alignParentRight="true" />
            </LinearLayout>
        </LinearLayout>
    </FrameLayout>