Cara memasang flyme all design

ok kita mulai 
nah di setiap guide flyme ato file flyme nya pasti di suruh ganti <TexView blablabla /> dengan anuan nte ...

nah di sini ane mau jelasin mana script notip, mana script signal dkk

==============================================
ini script notip tong ....

                                <LinearLayout android:orientation="horizontal" android:id="@id/notification_icon_area" android:layout_width="0.0dip" android:layout_height="fill_parent" android:layout_weight="1.0">
                                    <com.android.systemui.statusbar.StatusBarIconView android:id="@id/moreIcon" android:visibility="gone" android:layout_width="@dimen/status_bar_icon_size" android:layout_height="fill_parent" android:src="@drawable/stat_notify_more" />
                                    <com.android.systemui.statusbar.phone.IconMerger android:gravity="center_vertical" android:orientation="horizontal" android:id="@id/notificationIcons" android:layout_width="fill_parent" android:layout_height="fill_parent" android:layout_alignParentLeft="true" />
                                </LinearLayout>

jadi ...
cari di hh nte yg script nya mirip dgn script di atas (yg di perhatikan itu @id/blablabla nya)
==============================================



==============================================
ini script signal dkk

                                <LinearLayout android:orientation="horizontal" android:id="@id/system_icon_area" android:layout_width="wrap_content" android:layout_height="fill_parent">
                                    <LinearLayout android:gravity="center_vertical" android:orientation="horizontal" android:id="@id/statusIcons" android:layout_width="wrap_content" android:layout_height="fill_parent" />
                                    <LinearLayout android:gravity="center" android:orientation="horizontal" android:id="@id/signal_battery_cluster" android:paddingLeft="2.0dip" android:layout_width="wrap_content" android:layout_height="fill_parent">
                                        <include android:id="@id/signal_cluster" android:layout_width="wrap_content" android:layout_height="wrap_content" layout="@layout/gemini_signal_cluster_view" />
                                        <TextView android:textSize="16.0sp" android:textColor="#ffffffff" android:id="@id/percentage" android:paddingLeft="4.0dip" android:visibility="gone" android:layout_width="wrap_content" android:layout_height="wrap_content" />
                                        <ImageView android:id="@id/battery" android:paddingLeft="4.0dip" android:layout_width="wrap_content" android:layout_height="wrap_content" />
                                    </LinearLayout>
                                    <com.android.systemui.statusbar.policy.Clock android:textAppearance="@style/TextAppearance.StatusBar.Clock" android:gravity="center" android:layout_gravity="center" android:id="@id/clock" android:layout_width="wrap_content" android:layout_height="fill_parent" android:singleLine="true" />
                                </LinearLayout>

jadi ...
cari di hh nte yg script nya mirip dgn script di atas (yg di perhatikan itu @id/blablabla nya)

==============================================


==============================================
nah ..
jika <TextView blablabla /> nya udah di ganti dgn anuan ente, sekarang perhatikan di line yg paling atas pada flyme nya ...

jika udah ada, abaikan step ini...
ada kaga script yg seperti ini
        <LinearLayout android:orientation="horizontal" android:id="@id/status_bar_contents" android:layout_width="fill_parent" android:layout_height="fill_parent" android:layout_marginTop="0.0dip" android:layout_weight="0.0">

jika kaga ada , maka tambahkan script tsb taroh di atas nya line yg paling atas ...
kemudian tambahkan penutup ini
     </LinearLayout>
taroh di bawah penutup yg paling bawah ...

nah sekarang tinggal pasang ...

copy/block semua script flyme nya ...

sekarang buka status_bar.xml
atau msim_status_bar.xml punya ente

block mulai dari script ini 
        <LinearLayout android:orientation="horizontal" android:id="@id/status_bar_contents" android:layout_width="fill_parent" android:layout_height="fill_parent" android:layout_marginTop="0.0dip" android:layout_weight="0.0">

sampai penutup 
</LinearLayout> yang di atas script ato @id ini

    <LinearLayout android:orientation="horizontal" android:id="@id/ticker" android:paddingLeft="6.0dip" android:animationCache="false" android:layout_width="fill_parent" android:layout_height="fill_parent">

kmudian pastekan flyme yg tadi di copy ...

done
recompil, brutt, buang 😂😂😂



Di uwik uwik oleh: Nanank Haryounow

Cr. MAAADR
    MAIR
    GRAND PRING
    YOU
    AND YOU
