Cara memasang flyme all design

ok kita mulai 
nah di setiap guide flyme ato file flyme nya pasti di suruh ganti <TexView blablabla /> dengan anuan nte ...

nah di sini ane mau jelasin mana script notip, mana script signal dkk

==============================================
ini script notip tong ....

                                    <com.android.systemui.statusbar.AlphaOptimizedFrameLayout android:orientation="horizontal" android:id="@id/notification_icon_area" android:layout_width="0.0dip" android:layout_height="fill_parent" android:layout_weight="1.0" android:alpha="@dimen/status_bar_icon_alpha">
                                        <com.android.keyguard.AlphaOptimizedLinearLayout android:id="@id/notification_icon_area_inner" android:layout_width="fill_parent" android:layout_height="fill_parent">
                                            <TextView android:textSize="15.0dip" android:textColor="#ffffffff" android:gravity="center_vertical" android:id="@id/carrierLabel" android:visibility="gone" android:layout_width="wrap_content" android:layout_height="fill_parent" android:singleLine="true" />
                                            <com.android.systemui.statusbar.StatusBarIconView android:id="@id/moreIcon" android:visibility="gone" android:layout_width="@dimen/status_bar_icon_size" android:layout_height="fill_parent" android:src="@drawable/stat_notify_more" />
                                            <com.android.systemui.statusbar.phone.IconMerger android:gravity="center_vertical" android:orientation="horizontal" android:id="@id/notificationIcons" android:layout_width="fill_parent" android:layout_height="fill_parent" android:layout_alignParentStart="true" />
                                        </com.android.keyguard.AlphaOptimizedLinearLayout>
                                    </com.android.systemui.statusbar.AlphaOptimizedFrameLayout>

jadi ...
cari di hh nte yg script nya mirip dgn script di atas (yg di perhatikan itu @id/blablabla nya)
==============================================



==============================================
ini script signal dkk

                                    <com.android.keyguard.AlphaOptimizedLinearLayout android:orientation="horizontal" android:id="@id/system_icon_area" android:layout_width="wrap_content" android:layout_height="fill_parent">
                                        <TextView android:textSize="12.0dip" android:textColor="#ffffffff" android:gravity="center_vertical" android:id="@id/knoxCustomStatusBarText" android:visibility="gone" android:layout_width="wrap_content" android:layout_height="fill_parent" android:includeFontPadding="false" />
                                        <include layout="@layout/msim_system_icons" />
                                    </com.android.keyguard.AlphaOptimizedLinearLayout>

jadi ...
cari di hh nte yg script nya mirip dgn script di atas (yg di perhatikan itu @id/blablabla nya)

==============================================


==============================================
nah ..
jika <TextView blablabla /> nya udah di ganti dgn anuan ente, sekarang perhatikan di line yg paling atas pada flyme nya ...

jika udah ada, abaikan step ini...
ada kaga script yg seperti ini
        <LinearLayout android:orientation="horizontal" android:id="@id/status_bar_contents" android:layout_width="fill_parent" android:layout_height="fill_parent" android:layout_marginTop="0.0dip" android:layout_weight="0.0">

jika kaga ada , maka tambahkan script tsb taroh di atas nya line yg paling atas ...
kemudian tambahkan penutup ini
     </LinearLayout>
taroh di bawah penutup yg paling bawah ...

nah sekarang tinggal pasang ...

copy/block semua script flyme nya ...

sekarang buka status_bar.xml
atau msim_status_bar.xml punya ente

block mulai dari script ini 
        <LinearLayout android:orientation="horizontal" android:id="@id/status_bar_contents" android:layout_width="fill_parent" android:layout_height="fill_parent" android:layout_marginTop="0.0dip" android:layout_weight="0.0">

sampai penutup 
</LinearLayout> yang di atas script ato @id ini

    <ViewStub android:id="@id/ticker_stub" android:layout="@layout/status_bar_ticker" android:inflatedId="@id/ticker" android:layout_width="fill_parent" android:layout_height="fill_parent" />

kmudian pastekan flyme yg tadi di copy ...

done
recompil, brutt, buang 😂😂😂



Di uwik uwik oleh: Nanank Haryounow

Cr. MAAADR
    MAIR
    GRAND PRING
    YOU
    AND YOU
